{"loss": [1.3047616481781006, 0.40494614839553833, 0.23533965647220612, 0.16279172897338867, 0.11779730767011642, 0.09593763947486877, 0.07966498285531998, 0.0679139569401741, 0.055696845054626465, 0.05070383846759796], "accuracy": [0.6174692511558533, 0.8724944591522217, 0.923579216003418, 0.9453161954879761, 0.9603243470191956, 0.9679920077323914, 0.973312497138977, 0.9778931736946106, 0.9818906188011169, 0.9831424951553345], "val_loss": [0.43845075368881226, 0.2368258237838745, 0.17273983359336853, 0.175806924700737, 0.1345566064119339, 0.14279597997665405, 0.14356422424316406, 0.13971687853336334, 0.10126164555549622, 0.14758135378360748], "val_accuracy": [0.861484169960022, 0.9230024814605713, 0.9428636431694031, 0.9421807527542114, 0.9559526443481445, 0.9532779455184937, 0.9555543065071106, 0.9574891924858093, 0.9680742025375366, 0.9556680917739868]}